published,ticker_yahoo,title,link,source,source_kind,matched_alias,sentiment_score,sentiment_label,sentiment_confidence,sentiment_reason,event_type,relevance_score,relevance_label,relevance_reason,is_relevant
2026-07-15 11:04:10,VOW3.DE,Weltpremiere des neuen ID. Cross: Premium-Klasse im Kompakt-Format - volkswagen-group.com,https://news.google.com/rss/articles/CBMitAFBVV95cUxQNXNoSGJEdV9qOTc2MUM4M09IdXZCRlJZYmdvWWpGZWhqczJvNzNfM3ptanh1dEYzZ2pYMVFMTjZkdjRkYWR1WnMydEZnX0RyWUpldGdWdmZobUJJRXlLbzhuRWFCczNWWHVTVzRlMWlrZkE1YVh3UnZXZ0s1WGprbFJ2ZXZobXFhbFdwNDNzelVIbVdPRk9CVVBVSk1QaXh3WndBWFBvUmhaODl6ckQ0cFRjSGY?oc=5,Google News Suche: Volkswagen Group,search_fallback,Volkswagen Group,0,neutral,niedrig,Keine eindeutige richtungsweisende Phrase erkannt.,news,82,mittel,Firmenalias im Titel,True
2026-07-14 18:29:44,VOW3.DE,VW stock tracks a steady business backdrop - Ad-hoc-news.de,https://news.google.com/rss/articles/CBMiowFBVV95cUxORjh2dVB1LUFvMUJNZE1pRTEzU21xeWZXS0lPZWFEdFhvT0YtUldLLWU1YVg2NndUdGlTSVVLQTh3VW9VREUwZnd5ZEM5MFNzbGZLUjdaelpjc05KOW9rOHJqbUZwU0dURmJvdnVmczQ4SVo1LVN2X0FtbmpUZ3JsNEg0VVY0ZmstVTAzaElZN3FaYkxpWmZ2VDYzd2RIeVZqa2FB?oc=5,Google News Suche: Volkswagen Group,search_fallback,VW,0,neutral,niedrig,Keine eindeutige richtungsweisende Phrase erkannt.,news,71,mittel,Firmenalias im Titel · Finanz-/Unternehmenskontext: stock,True
2026-07-14 05:24:00,VOW3.DE,"Jetzt wird klar, wie schlimm es um Volkswagen wirklich steht - inside digital",https://news.google.com/rss/articles/CBMimgFBVV95cUxNbWhZMWF3SG9NanV3eFFUNnJwQkJNUnpPbUNkb1c0SHdFQVpYRlBoMXB5a3d2LWlZR1FpWVo3VFdORVN0WjltVkgxd1FPLTkydUpSZ1RnUXNLeDhManJTRGxEM2hZdFRaekpNZTh2VWNWYzhXaTcxckF3dHpEcEdSTWtyNWMzUUU2UFowYzNKY2s5VFlqcWNZRlVB0gGfAUFVX3lxTE9HWWExa3VZMVZnNjhMYXhXZXdhekJlelN4Y091bDcweWNCTGNnS2dzR1o3eWZHNE1FaWxoMEh2VGdkNldpeEVPZU5Rb1AxNURaeTY1QTJfcHFIRjQ0Wk9POTRlNkZzTFV4aEJUOEJCTy1ycVBKRjdrQlFkT01EdGc4aG44NFpSb1dHRENQcDJYTUhNbkN0QTZkOTdSc3RQTQ?oc=5,Google News Suche: Volkswagen Group,search_fallback,Volkswagen,0,neutral,niedrig,Keine eindeutige richtungsweisende Phrase erkannt.,news,82,mittel,Firmenalias im Titel,True
2026-07-13 14:02:14,VOW3.DE,"Diese Modelle stehen bei VW, Audi und Co. auf der Kippe - Blick",https://news.google.com/rss/articles/CBMizgFBVV95cUxPemtKWTlDVkV1WjJlS3psOUFFSDZ6VjZGajUyZjZwWFlSSHU5bWNLbC1Ua2Z2WFlzcHQ4ZDNmZDVPTFhoaXF0cmdSU05wcGJzSlNjVk9SVXhNVW9xZEpXU0pGcU1WSlIzWWVsVmxzS1ZOSlI4NkI2NTNfU3lFZ0lUQzBrcmV0OVp4NlBtUjJlTUd3N2s2T0RLcm9QUXpUdldJMDNSODlESTJ4WU00SzBaV0Zlb1hpREQ1S3pLRzFHdFdoazhDZlo0VzRNaEs2UQ?oc=5,Google News Suche: Volkswagen Group,search_fallback,VW,0,neutral,niedrig,Keine eindeutige richtungsweisende Phrase erkannt.,news,52,niedrig,Firmenalias im Titel,False
2026-07-13 11:58:00,VOW3.DE,Stellenabbau bei VW: Konzernspitze nennt offenbar erstmals konkrete Zahlen - Personalwirtschaft,https://news.google.com/rss/articles/CBMi2wFBVV95cUxNR3ZfVzVoMXI0TzloZW92VVhFNTVEYXl3MzdyNVdlUG9YdS1icTNMQURZd1R3bHpOVDlaY3FvTWFBM1lmajFOTW84MDNEQlhQb3ZvcjA5MTBDelFSam9La3BKclpCY1Jwc3AtUUhmTWQ2RXlIUERURlllZkZRbG9LZVpKbVFjRTYxYmRhYjhOdFRYOGtBSWdtMHQ4VTFYZlAyS2VuVzZ6aV9UWDZfTDBrYllOd3diOXZRcmxJMlV0SUJBdnZqb3Z3TGVNT3JoY25CQnFOSDVYeG9mVjg?oc=5,Google News Suche: Volkswagen Group,search_fallback,VW,-4,negativ,mittel,Negativ: stellenabbau,news,52,niedrig,Firmenalias im Titel,False
2026-07-13 11:10:33,VOW3.DE,VW-Chef Blume: Bis zu 50.000 Stellen könnten wegfallen,https://www.tagesschau.de/wirtschaft/unternehmen/vw-blume-sparplaene-100.html,Tagesschau Wirtschaft,global,VW,0,neutral,niedrig,Keine eindeutige richtungsweisende Phrase erkannt.,news,52,niedrig,Firmenalias im Titel,False
2026-07-12 07:18:23,VOW3.DE,Volkswagen: Blume rudert bei Werksschließungen zurück – Betriebsrat kritisiert - WAZ-ONLINE.de,https://news.google.com/rss/articles/CBMi4AFBVV95cUxOZTdvVF9UR3hmbThycTdvRlRVZ2dnR2JjM1BxWlYzUUlQWVVqeWZhN2xVYUJET0JWS0E1bnlCWFNNdW9zZ1BjTFBGX0Q0bTlfcVBaUHNBdk9uMUZvdjdHc3V0bGlQSTZrZV9YTzFHMFZJaEFHOGJWNW9SQUVKNFFaNnd3OFhQYkRyVFJuQU5WX2NmOF80eDdvTWhZbGZqUzdCTnpGc3lWTzRvZXZsVldoN2FwOVdCUUhidUJXOHV3MUZQdTJwTm94a0pZUl9QaGJIWjRuYVBob3p0bkMyN0U4ONIB_AFBVV95cUxOWTJGaEFsZWFWbURmbFF4V1ZLNFUzY2ZuQ0czWENJMVFRbTRZa1BIa0hRb3k0QjNxaHRCUDNDbnhEeldCVk82OHpXUkNVRmNvU0cwTDVOdm50NW82cGpyQzlDcHZXXzlLTTFmZFhoRU5qZW4yYkVLWGdFbzk4ZDR5REl2V2NWSVk2WVowd0pJVm5QWWd5U09yNEY4cXhXNUdLOTNYZzZ4NWNPU0ljUUFjNk0ydzZBRkN5SmJSbGp4NFpneTJ5SzlPb1V5VnBNT3ZQYTIzbGFjdDJIUW9fb2dveWI5LUVNZkxONzhLRklOWDNiYlZ3Q2tnN1JZbm4?oc=5,Google News Suche: Volkswagen Group,search_fallback,Volkswagen,0,neutral,niedrig,Keine eindeutige richtungsweisende Phrase erkannt.,news,82,mittel,Firmenalias im Titel,True
2026-07-12 02:35:03,VOW3.DE,"VW-Chef sieht ""intelligentere Lösungen"" als Werksschließungen",https://www.tagesschau.de/wirtschaft/unternehmen/vw-krise-blume-100.html,Tagesschau Wirtschaft,global,VW,0,neutral,niedrig,Keine eindeutige richtungsweisende Phrase erkannt.,news,52,niedrig,Firmenalias im Titel,False
2026-07-11 07:41:53,VOW3.DE,VW-Aktie bleibt mit dem E-Auto-Programm im Blick - Ad-hoc-news.de,https://news.google.com/rss/articles/CBMiqwFBVV95cUxNbmgxQTVEa2RWeEhva201dWY4RE1XY1VWeUwwRWVTendVdzdyTnk0VXM5MHJQVEVaRm1QMHhPUmpGZWtRSU9raFExNXh1WG1aM2RVQ2F1a2x0MERPSU1FR3ZaLU9VOVR3bzRfVk9tYlMwZ2N2WUxUNjlEVl9rUTkzMFlJMG5VN0UtMk5ud0JfdV8xREFnMzY3ZXUtT1NvSzBzMk5kS3o4clRQbnM?oc=5,Google News Suche: Volkswagen Group,search_fallback,VW,0,neutral,niedrig,Keine eindeutige richtungsweisende Phrase erkannt.,news,71,mittel,Firmenalias im Titel · Finanz-/Unternehmenskontext: aktie,True
2026-07-10 15:34:00,VOW3.DE,Volkswagen-Konzern: Massiver Absatzverlust in China - Motor1.com Deutschland,https://news.google.com/rss/articles/CBMiiwFBVV95cUxQR05KLUUxUEVOd0c2SnhudzE4Tl9RdHRFb3JsOXg0aVJzNjUwSlhFUEZMMlNMeFhiWHFNb0tIMlFBSW1vS1d1WTh5SktFZnNsM3BleW41X2R4b2dpZnZFRkZ2NXpQM2Y1ZWNKVm1RdHE3VTFFT1cxc2t1dGx6MFVXZFljbGVyX3dxaHlz?oc=5,Google News Suche: Volkswagen Group,search_fallback,Volkswagen,0,neutral,niedrig,Keine eindeutige richtungsweisende Phrase erkannt.,news,82,mittel,Firmenalias im Titel,True
2026-07-10 13:56:00,VOW3.DE,Live-Blog zu VW zum Nachlesen: Kampf um Arbeitsplätze - Betriebsrat stellt Konzern-Chef Blume Ultimatum - NDR.de,https://news.google.com/rss/articles/CBMirgFBVV95cUxPWWFnRHA0YmhCMjdZX2pNamJNUXJ6d3FRU2RvSXZBWUpnSXdOYXk5cFlNNmxZajVGaWx6VW04Unl4X0lSVFhTUEhUNF9tQ3huc2VNLWdMZVBLd3hpSjVCMVFlV2hrMkhkVVJQTWZCYTNPcTB0Ui16M2JiQXNUMG1vdWlkd1IyclhUTERFZGh0cTBsZVlrMnhJa1Q1Vl9fcDk4eGtQNmMwbDFiTnZ6TkE?oc=5,Google News Suche: Volkswagen Group,search_fallback,VW,0,neutral,niedrig,Keine eindeutige richtungsweisende Phrase erkannt.,news,52,niedrig,Firmenalias im Titel,False
2026-07-10 10:51:30,VOW3.DE,Volkswagen-Konzern verliert bei Elektroauto-Verkäufen an Boden - electrive.net,https://news.google.com/rss/articles/CBMiowFBVV95cUxPV21CeUlhdjdLTWwyWUxPTXJrVlM3U1h2MGhibEpDNlE1U01ISExvM1REcjE3Yi1QWE9waHJRR25CdVBHOVJmUFRKZlJGUXJxVzBlNVZnWjRMQ21WZTkwZVBoOUJUbFFabXdRTXl5WmVJNVpKcm9EdEh3NUgwM1F1MlFQYjhJYTM4OFdQbmhVR0V4WUsyalFkTGdLNmZGVzF6dk5J?oc=5,Google News Suche: Volkswagen Group,search_fallback,Volkswagen,0,neutral,niedrig,Keine eindeutige richtungsweisende Phrase erkannt.,news,82,mittel,Firmenalias im Titel,True
2026-07-10 10:03:39,VOW3.DE,Betriebsrat setzt VW-Chef Blume Ultimatum bis heute,https://www.tagesschau.de/wirtschaft/unternehmen/volkswagen-sparplaene-betriebsrat-ultimatum-100.html,Tagesschau Unternehmen,global,VW,0,neutral,niedrig,Keine eindeutige richtungsweisende Phrase erkannt.,news,52,niedrig,Firmenalias im Titel,False
2026-07-10 09:59:00,VOW3.DE,Halbjahreszahlen: Volkswagen kämpft mit China-Flaute - Automobilwoche,https://news.google.com/rss/articles/CBMiswFBVV95cUxQRGV2QTJGalhYZzB5M2FyZmxvQi1HdlgwdWs5UW13WmNpVDV0NWtJNkFPMzBWZEdlRmJEM0oxSWZLeGxNT29wY1NhN0MwRnZBUGw3SzJjS1NaZzF4TzRWbHBWYldpOW53cUlwS1JKM282U3lENC1Yd2t5LVQtZVZacUtMV0Z4cHloRmM4TjhVamtiak1Rb2luem52N3pra1NybEpNb1Q2X1dnSlc4aWUzaWxaUQ?oc=5,Google News Suche: Volkswagen Group,search_fallback,Volkswagen,0,neutral,niedrig,Keine eindeutige richtungsweisende Phrase erkannt.,earnings,89,hoch,Firmenalias im Titel · Finanz-/Unternehmenskontext: jahreszahlen,True
2026-07-10 09:12:58,VOW3.DE,VW Konzern: Elektroauto-Absatzeinbruch in den USA und China - Elektroauto-News,https://news.google.com/rss/articles/CBMifkFVX3lxTE9MLWJxMTU0Q3ZjT012bU9CYTZzbWM2VlJiaGYzbDVJSFV4MWc3amFGb0xSYmtxVWJiWnFiMFRUbC16SjdMNUJjcUxmMG9EdkdORGpHdTNDbjJFYk91SHZlT2pXbGdMQjAzMGRTdU5IWHZPeFR0TWtXaU1UNlZ3UQ?oc=5,Google News Suche: Volkswagen Group,search_fallback,VW,0,neutral,niedrig,Keine eindeutige richtungsweisende Phrase erkannt.,news,52,niedrig,Firmenalias im Titel,False
2026-07-10 09:01:00,VOW3.DE,"Volkswagen Group liefert im ersten Halbjahr 4,1 Millionen Fahrzeuge aus – Auftragsbestand reiner E-Fahrzeuge in Europa steigt um mehr als 50 Prozent - volkswagen-group.com",https://news.google.com/rss/articles/CBMirwJBVV95cUxPcTBTa0dQRWYyU3N3REpydFRFbVc5a1o0bk1CTks0UWJpNG54NHZwcm5fR3ZuRTlfWUxaX1ktaFVxdk8xa3J0dFJXODN4UWt4aVNyLTNXbGNkd2Y5Y2FfZ09ydXhEVjkzRGRQWGhReDdHaHdqRFI0TWZxU1pyZF9DVXhfcHhfTkYyLWxaUEplQ3Nna3gwRV96LUd1WnpvbmRYZUtHNmZvVEFIQVdCc1lfWDdoWkpwQ3NacG91M2dHNFNrMEwzZXlrYlRTeFQ3cWppSG9ud2s2OHFkNWNkbDFGLXRaNHk0Wm5BZmVWVEJtUmNpcHdlTmJMOUNqOVJDMVg5MjNKSkNCdmFTRUxXWGx0QXlJaDg1dTVpaTNTVE5rQ0xzcTVYVjFoTmNsWm1MUHc?oc=5,Google News Suche: Volkswagen Group,search_fallback,Volkswagen Group,0,neutral,niedrig,Keine eindeutige richtungsweisende Phrase erkannt.,news,82,mittel,Firmenalias im Titel,True
2026-07-10 06:25:00,VOW3.DE,Volkswagen verkauft 51% an Everllence an Bain Capital - Schweizer MaschinenMarkt,https://news.google.com/rss/articles/CBMivAFBVV95cUxNWWxZblpEb0NtanNpRlBOcnA3RVR4cy04UVRIdGtYZVhuNU5ZaTBIbkVwSnBxaDN4eDNsVlZ1cGE5by1hUV9QU1JiNjg5U05nX0RCVWY4YU43QS1kb1hPb1hOWHY3eWdYc3VEX085U3Y3YWx2bGhpNXBJR2RhV09JMnhlaWhFcGZKV0R3VV9ycHYtS0lXSE9MMGRqaWhOY1pnRGExZjhYUXV4UF9DcGVId1U0SkVBaV9jRExFZQ?oc=5,Google News Suche: Volkswagen Group,search_fallback,Volkswagen,0,neutral,niedrig,Keine eindeutige richtungsweisende Phrase erkannt.,news,89,hoch,Firmenalias im Titel · Finanz-/Unternehmenskontext: verkauft,True
2026-07-09 23:36:43,VOW3.DE,Volkswagen streicht Hälfte seiner Modelle – Konzern stellt Sparplan vor - WELT,https://news.google.com/rss/articles/CBMi1AFBVV95cUxQaUJ5cHJxWnViRmlfSEJIWFpRR2dDR2UzX1hJZE1yN1lEbzBnc2drOUJQT1pxNlhrNEpVQ1ZMbHlFS3hjMnZJc05BY0c1dTFXSFFicENfOVFSNlRRYXJhVHdXLWdaOFRpWkk5NlFoWWFtcEN4bm9Mcnk4NUlCdFAyWDVJZXBvbXp2eExydTdoRGxqTmxiak1aME5sdkEta2czYldwSWswM1AxczFIX1lXOVJ5b1ByUUpkVDlrQ25Sem4wUU9ndmJrbW5CeHUtQ3YybEM1VQ?oc=5,Google News Suche: Volkswagen Group,search_fallback,Volkswagen,0,neutral,niedrig,Keine eindeutige richtungsweisende Phrase erkannt.,news,82,mittel,Firmenalias im Titel,True
2026-07-09 22:11:23,VOW3.DE,Zukunftsplan: Volkswagen Group steht vor nächster Phase der Transformation - volkswagen-group.com,https://news.google.com/rss/articles/CBMitwFBVV95cUxOM2dXNVJ1bXh6YnM0cHlxcFplUFgxWVY1dGJIb1JnVmU1X3V0UjFqT1dPVWlxMTlXMTF0WHlZb0FOcEdrTWNqQVE0MFhnQzZIdnhLdF9lSnl1dV9vQko0RlZIRklUTWROeFc2MVJMd3MzTmY1RUhTRlFuMDFkOWNpVGJOeHlUd01qc1c1LXpaeDlySW5pdFo1Y2FPeFoxSjQ1QjdmaHQxSlExaXFfbGRZcU5zbWZoYlE?oc=5,Google News Suche: Volkswagen Group,search_fallback,Volkswagen Group,0,neutral,niedrig,Keine eindeutige richtungsweisende Phrase erkannt.,news,82,mittel,Firmenalias im Titel,True
2026-07-09 20:42:00,VOW3.DE,Volkswagen-Konzern: 50 Prozent weniger Modelle bis 2030 - Motor1.com Deutschland,https://news.google.com/rss/articles/CBMihgFBVV95cUxPZjVaVVhBQ2pIajBQVFAyVlFGQ1Y4MzNRSTRzWk50R0FsdU5aODdjaURScmlzMW4xdjk4aUExQmdqS3BVRjhHOHFQNUNLaGFMWUV2V0Z0V2l1ZGVYTVNhaHlPLXNZMVpubVY5X1ZOVUYyR0xwLVN0NUpvbnFRdlhINmV0c3hzZw?oc=5,Google News Suche: Volkswagen Group,search_fallback,Volkswagen,0,neutral,niedrig,Keine eindeutige richtungsweisende Phrase erkannt.,news,82,mittel,Firmenalias im Titel,True
2026-07-09 20:09:18,VOW3.DE,Knall bei VW: Hälfte der Modelle soll gestrichen werden - Watson,https://news.google.com/rss/articles/CBMipgFBVV95cUxNc2xWRDV3a1V1UDkxZUZiamhHUXd5cXRsX2VHWnVON1N2bGdxUnd3TUtIZ0JWb0M2TXcyVkdtNzdUbEluQ2xYYkduTWxGZmVJUnN6VU5peHBseXVjMUoyQi1aS1M5aFNGbzNXZnJFcVI0bUt4QWdEazhsYzhXaFFQUnNldnluYVJfQ1JDcnJrX2hUa0J0aEphNFp6eWhHUGg2dnNOZzR3?oc=5,Google News Suche: Volkswagen Group,search_fallback,VW,0,neutral,niedrig,Keine eindeutige richtungsweisende Phrase erkannt.,news,52,niedrig,Firmenalias im Titel,False
2026-07-09 19:45:59,VOW3.DE,Der VW-Kahlschlag: Mitarbeiter fühlen sich „verarscht“ – Betriebsrat stellt Boss ein Ultimatum bis Freitag - DerWesten,https://news.google.com/rss/articles/CBMiiAFBVV95cUxNMkZ0elNpUGZfVjVSSU5KOTA3Z29tTFVsVTFmZ1lvSmI4X3EzSHNSTTY5Z1VOQ3RKeXNLdFUxS21VZUNpaHpfQ2o1NnNZLXl2Um5Cd1hmTTdBT29fTldTSFA3ajVhYkNRUUlyRG1PWVM2RnNmb0FLUjRkdUZlM0xhZnR6RHJ6TnQ1?oc=5,Google News Suche: Volkswagen Group,search_fallback,VW,0,neutral,niedrig,Keine eindeutige richtungsweisende Phrase erkannt.,news,52,niedrig,Firmenalias im Titel,False
2026-07-09 18:31:00,VOW3.DE,Volkswagen Group CEO Oliver Blume über den Standort Deutschland und die nächste Phase der Transformation - volkswagen-group.com,https://news.google.com/rss/articles/CBMi-wFBVV95cUxOSzhHbkZ1NFNnNzlPRTRJNzRjWGZCeDRZTVR2NGNBQXNEYUd4MTlja2NaeV9iYVp0b3hJT21MUlpJaVdSWmpJWVIyNEVUbkhMeUFUYWVpN2ludFdrb2FXbnRuM0pZakxIVUgzX05FWmlMRjZFTmozdFJXeGlWMmJ3akhueFYzdUw5REZhZzV2bjQ1N0xtM2xKTll5ZkE3Z1V2QXVnLXJpWGxpOFhaRkZUWERvMDh3eV83NDZTWTR0TVBTWU53clQyOFYxQlV5b0dTZFhDaklCcmRjSklNdERUcVJUSmdWeUZCQlpMS3A1clFMdkFLazlEQUNyTQ?oc=5,Google News Suche: Volkswagen Group,search_fallback,Volkswagen Group,0,neutral,niedrig,Keine eindeutige richtungsweisende Phrase erkannt.,news,82,mittel,Firmenalias im Titel,True
2026-07-09 15:01:28,VOW3.DE,Aufsichtsrat tagt: Harte Einsparungen bei VW befürchtet,https://www.tagesschau.de/wirtschaft/unternehmen/volkswagen-vw-aufsichtsratssitzung-100.html,Tagesschau Unternehmen,global,VW,0,neutral,niedrig,Keine eindeutige richtungsweisende Phrase erkannt.,news,52,niedrig,Firmenalias im Titel,False
2026-07-09 07:34:51,VOW3.DE,VW-Vorstand soll Werksschließungen ab 2031 anstreben - electrive.net,https://news.google.com/rss/articles/CBMilgFBVV95cUxQamJON0E5Tm5NZVNUNHY4eTYwWlY2SkFsWjN6endVSVlXdFdIcWVQSWRpcGRCeFgxSjh3UmdEbXozSjRvZ2tmU0F0RWxLbTAwbEYxemxudm1JVU5oQUlaVnBOYlBGZjdycUFVQTdrWDY2OThxM2U2RE16X1NXeWJmYmhENDllYUhEd0lOMnFvNHIwcTNDWUE?oc=5,Google News Suche: Volkswagen Group,search_fallback,VW,0,neutral,niedrig,Keine eindeutige richtungsweisende Phrase erkannt.,news,52,niedrig,Firmenalias im Titel,False
2026-07-09 06:06:58,VOW3.DE,Wie Volkswagen sich in China neu erfinden will,https://www.tagesschau.de/wirtschaft/unternehmen/vw-china-neu-erfinden-100.html,Tagesschau Wirtschaft,global,Volkswagen,0,neutral,niedrig,Keine eindeutige richtungsweisende Phrase erkannt.,news,82,mittel,Firmenalias im Titel,True
2026-07-09 01:46:39,VOW3.DE,VW-Sparpläne sorgen in Region für Existenzängste,https://www.tagesschau.de/wirtschaft/unternehmen/vw-aufsichtsrat-sparprogramm-100.html,Tagesschau Wirtschaft,global,VW,0,neutral,niedrig,Keine eindeutige richtungsweisende Phrase erkannt.,news,52,niedrig,Firmenalias im Titel,False
2026-07-07 01:05:22,VOW3.DE,Volkswagen: Wieso die VW-Sanierung ohne Niedersachsen nicht gelingen kann - WirtschaftsWoche,https://news.google.com/rss/articles/CBMiwgFBVV95cUxNR01DTDJwQXpMX2tJelMxOUZmdE42b3Z0YmJ0bWxob1lxWWM3UFE4TzA1WFdlV2JwbGlMM1pXdDNCaFEzbHRuRE1FRGtPWWI2V3FwYTFPRDFWMVZPZUFlZHZpU0xWd2JrUzdyMVhaNWI4bEQ0S0pkTjJvRXZjcU42dFEwUmNVVkM3T0NYMERQbFU1MjZYUFdNbG5nUy1JNEdXYXBIQUhsSmFKOXdCWTM3NFpXYzVSZmpvTjhUcGtycnYyZw?oc=5,Google News Suche: Volkswagen Group,search_fallback,Volkswagen,0,neutral,niedrig,Keine eindeutige richtungsweisende Phrase erkannt.,news,82,mittel,Firmenalias im Titel,True
2026-07-06 07:00:00,VOW3.DE,Diese Marken gehören zum VW-Konzern - produktion.de,https://news.google.com/rss/articles/CBMikgFBVV95cUxQSnJleEpwemxxWlc2eWw2M2JWcm4zcmpsWHhmalg2bUtNZW5NRmExWVNKZ0tZd3dTYmhTbmRpWmxUR01ObGpKOFZJX3JDb1NQbk1qc1BvejhCaWFVeDFfeGJyQzltdUdET1FxMWJPZDFodGl3WXg5MGliWDZCOXRLc25nYmQ1R1dpa0JfMzdLOUNHQQ?oc=5,Google News Suche: Volkswagen Group,search_fallback,VW,0,neutral,niedrig,Keine eindeutige richtungsweisende Phrase erkannt.,news,52,niedrig,Firmenalias im Titel,False
2026-07-02 11:12:04,VOW3.DE,Volkswagen Group und Elli bringen Vehicle‑to‑Grid‑Laden in den Volumenmarkt - Flotte.de,https://news.google.com/rss/articles/CBMirAFBVV95cUxNcW9fLUVDeXliT3dWc3ZabFBfa3FOSFc4dC1iMjlLenJmVXIyNUZabmFUZWY0bV9pTFowUHI5SzBHS2hsSlhHcW5KUXZZeS1tR1JtWkg2RGVna2JVV1g2TUxQY2Y4Zlp4SF9rS2RaMElHb2hkSGl6QW9xaEJicFdsSUdBcFVfaWVLN0oyYncwbmhRemYzSnRvcnVSUlhLNnNHY1RxakQ1cXF3bFlX?oc=5,Google News Suche: Volkswagen Group,search_fallback,Volkswagen Group,0,neutral,niedrig,Keine eindeutige richtungsweisende Phrase erkannt.,news,82,mittel,Firmenalias im Titel,True
2026-06-30 07:00:00,VOW3.DE,Volkswagen Group Services: Angelika Spallek wird neue Geschäftsführerin - WAZ-ONLINE.de,https://news.google.com/rss/articles/CBMi4gFBVV95cUxPVHhrVXM1dlMzMGVscjF0dWFVNHJSWjNyVmpHWGlWOFFFUDUxN0dJREZKelcyVUVDS001cGUwMHpmQlZkdXZDMm43RUhTaVZNYjZPUXFHZTV5Wllsbzg0clJQV21DSGxaekotSGt1RVE3SXl0azVBS3E4TTA4VW1GODRsYjZ4YWh2cUZta0dWbVZtR1lGb0Jfb2RzSnh2dmRyVHdzWHhtcGpCYU04ZmxPbzBKS01CS2hGMEVZSFBlU3pKc1AwMndfZFE4QlJZd0tqRVVmMzBFQ0hETXlvOXJTczFB0gH-AUFVX3lxTE1CMnRXTVduNFU3bkNaekg4NnlIQmtnbnVpYi1keFdOTWo2aXVjRWcwX0VNcnZVbUZwM3RuNXJJRmZwUjBTejR6Ul9GZHBxLUd5VlJBSFVQM0RqZXBjQXpBVmw0dFU0OGVsVWlITlVaNU5MVVlESVNlVXhMQWdsbnhQQ0Q0ckZNM2VwbElDQ2FqM1VwNFoyX1AxRXlsWXJTQjRtNm9zYm5Fel9UTnhKaGtET0xBMTVwSUdlVTREU0lfVjZodmowTzBDYUNiVjFkN3k3VUw5MXFLM05ZZWNiUDk5bGNoS3NfVml3Yi1hRklEQ0FoQlFENVdncVZvdkdB?oc=5,Google News Suche: Volkswagen Group,search_fallback,Volkswagen Group,0,neutral,niedrig,Keine eindeutige richtungsweisende Phrase erkannt.,news,82,mittel,Firmenalias im Titel,True
2026-06-29 07:00:00,VOW3.DE,„VW wird von BYD aufgekauft“ - Auto Motor und Sport,https://news.google.com/rss/articles/CBMixwFBVV95cUxPM3FxczFpQkVDQnl2Q0FiM181VFNuYmZVazVMU25TZVFqODhiYnBFUU5uUVVXbU9EUElzMEQyQzB6Tk4yRUctVmhJZm55MmhTOEoxU1piaDFzYUUtaFhjY0lIdWJnSWxJYVU5N0ZzRFU0dkhOZGJkYXltVnEtTlhxUnhocjU5QXp1eDFNTDhfc3BFU3UzSFRudW1VcFpiYm5zSWJVWVVIY1FnbzBVUUx6YkJaM2tqVFA1eHFVbUtxMDZfYlVVdi0w?oc=5,Google News Suche: Volkswagen Group,search_fallback,VW,0,neutral,niedrig,Keine eindeutige richtungsweisende Phrase erkannt.,news,52,niedrig,Firmenalias im Titel,False
2026-06-26 07:00:00,VOW3.DE,Awards: Volkswagen Konzern zeichnet vier Logistikdienstleister aus - Logistik Heute,https://news.google.com/rss/articles/CBMirAFBVV95cUxOOWwxcVdMSkVoU0RwTno2N1UyckUyWVhxM3lXWHpVTDBqczlFYllxREh4aUdtVUhNSnhTQzA3d3psS0xRMVRBQy1QWS0tb1d6bTRld1NTZU5lMUQ3OWJfWmxyVzFYdm1BRndvWjhmekNmNEpTdEhpSXMyU1gwYkhlQjU3OFAyUWFCaFJlemhzazNaT1I5SHdLOEhNODVOWTViWjRnclNmWHlwYzRI?oc=5,Google News Suche: Volkswagen Group,search_fallback,Volkswagen,0,neutral,niedrig,Keine eindeutige richtungsweisende Phrase erkannt.,news,82,mittel,Firmenalias im Titel,True
2026-06-26 07:00:00,VOW3.DE,Benteler: Volkswagen Group zeichnet Zulieferer für Batteriekühlplatte aus - VISION mobility,https://news.google.com/rss/articles/CBMiugFBVV95cUxPUFQ5ZXVON1hpQjg1RnIxb2FPZzU2TEtxNjZHcklrbHdmS2lDZWxtY1RUMHY1MVZLaEV4WnZhWGd1RG9fUTl3QzBzbk1xenVuRWJBUkQ3aGFRdjZGRUxTeDRDTTBYdnpoNTByVEhHam1fTU92TGtBZHluWS1GakxZSC1jZW5BVzlrM2lVdW1GQzBwNk9MVk53MWpPSXhXdzF3ZEp2QmZNZ0VVN0pEVDZranhNS3dDbGxDMXc?oc=5,Google News Suche: Volkswagen Group,search_fallback,Volkswagen Group,0,neutral,niedrig,Keine eindeutige richtungsweisende Phrase erkannt.,news,82,mittel,Firmenalias im Titel,True
2026-06-25 08:07:00,VOW3.DE,"Volkswagen Group Award 2026 würdigt herausragende Leistungen von Lieferanten und die Bedeutung eines starken Lieferantennetzwerks, Volkswagen AG, Story - PresseBox",https://news.google.com/rss/articles/CBMipgJBVV95cUxPS2hGdXVKMEwzUS1sNTRKanZDZGkyUllvTXpwUGpZbUNDMXlCYU5mcHpseHRIOHM3S2JyTUc1bnlPT3NGVHBIX3ZNc0JMeGJaUHYxTzZielQ0Mm9FdFpnWWpwNGhkRjk1dm9QNTdSbVBoQWdOMk9pUnB3YjJNOFNLNjJLWU5yRTB1czVwRUtESVNQeURSSFRaUWRILUZuc2RBOTEyZ3NENXRfb0kzeGZ3c3V1VVlyRjQ2d1JiZ29EM292cEZENU5nam9SSkVBM2x4ZEVHa1NKTHNmRnNyQUJaMV9FNEZpeFR1SHRKUGRiek9GdU9WZTZqV3FDT0ZMZU5VLS15cHRxRDAtel90bUJEc1d6OUxqcXlTeUF0TERTMFM4WXBySnc?oc=5,Google News Suche: Volkswagen Group,search_fallback,Volkswagen Group,0,neutral,niedrig,Keine eindeutige richtungsweisende Phrase erkannt.,news,82,mittel,Firmenalias im Titel,True
2026-06-25 07:00:00,VOW3.DE,Gleiss Lutz berät Volkswagen Aufsichtsrat beim Everllence-Verkauf - Gleiss Lutz,https://news.google.com/rss/articles/CBMiuAFBVV95cUxPQnJmQmFTNml6YkE1RnEyTkRRUXlxUzNGZTJOMjk3VzZPdTlNbDJldmluWlV6bEpjQzBVb3JNcWRCc1Z4a2hHaUhvc05Tckx0RjVaY1o3a3FxQnhDdmItVDFLcDhLVnRab2tsek1HM0FOdXJ1R2kzZG9kZVlGMjNkNWd1VVU1SGlDb09Xci1fcUJJS1Z5UktLWnJDT2xZX05mVTFBTVFUWTZYWHhCQVNJOFQ0RE1ld2xy?oc=5,Google News Suche: Volkswagen Group,search_fallback,Volkswagen,0,neutral,niedrig,Keine eindeutige richtungsweisende Phrase erkannt.,news,82,mittel,Firmenalias im Titel,True
2026-06-25 07:00:00,VOW3.DE,Lieferkette im Fokus: Volkswagen vergibt Group Award an elf Zulieferer - Automobilwoche,https://news.google.com/rss/articles/CBMingFBVV95cUxOUHlwcGw3RFZnTDNYVkVzOUZnZ0JYRDRQb2YwTlJ1WjhJQnJzZEk4Q0EwOXMybUVGOFlMd3JUU1gxY1BsbHFDSENKQWFMcHQyUEFQZzB2MldFZDlRRmhqNmw4UVBMNmludGFoQ0hfQmNmTzViRVAzRmx5Q3VQdU4xVUZ6RkxjbjR5Z1RqY1NsWGFHajZVZFJfbFFHODd0dw?oc=5,Google News Suche: Volkswagen Group,search_fallback,Volkswagen,0,neutral,niedrig,Keine eindeutige richtungsweisende Phrase erkannt.,news,82,mittel,Firmenalias im Titel,True
2026-06-25 07:00:00,VOW3.DE,Volkswagen Group Award 2026 würdigt herausragende Leistungen von Lieferanten und die Bedeutung eines starken Lieferantennetzwerks - volkswagen-group.com,https://news.google.com/rss/articles/CBMimwJBVV95cUxONWYyQlE5V3JVLXh3Sm9ZaVJweFZGM284WG5WdFVOZkhBQ3dmMV9MQjh2UG9GbzRjQ09WY0FJR3RuSEhGV1VacEg4RGRpUUZqR3hYRlRsS1ZWbGRoZWhLUzBXdUlqWUxPel9hNExTc2lOdVNGdnpfWUxtdHlMaC1mdE5OMnljZ0g3YUZQZl9MOUZ0WjctcGoyNno4QWEwMUhjTGtaanZqZ3NqRW04d3N5LUdReE9IeldTb1BITk9NdjBEVzNNSUttbTlDVjg2RlJKN1ZEZ0hKalpCUnVFOXpHMzh0Q1hhS20yNDdvT3AteFdfNzZ3TUVjVGdpekhvNTBlVDlBTFZ6VTZLcXdsdWVDVXo0dGxldTJManhj?oc=5,Google News Suche: Volkswagen Group,search_fallback,Volkswagen Group,0,neutral,niedrig,Keine eindeutige richtungsweisende Phrase erkannt.,news,82,mittel,Firmenalias im Titel,True
2026-06-24 07:00:00,VOW3.DE,Bamberger Unternehmen Elflein erhält Volkswagen Logistics Award - Radio Bamberg,https://news.google.com/rss/articles/CBMipAFBVV95cUxQcW10VkNWRU5GT0d4Vk1kLTRCdWNOQUcwWnA2amNEQzM4QjdpWUhkQjBRRWI3UThzUzh1bkJMU3RoTm5qM3hHRGxpMVhKaXdGZS1tYjYtLW5GbElNVHVfZkZhT0hBSlhHeXRLX3ZINHVPRjY2VW9IMmZNaTJic3NtNmRndU9DUzFOMU1oSDM4ZF9TM1pPOEpKSGNMWUwzUEw3Y1V3Qg?oc=5,Google News Suche: Volkswagen Group,search_fallback,Volkswagen,0,neutral,niedrig,Keine eindeutige richtungsweisende Phrase erkannt.,news,82,mittel,Firmenalias im Titel,True
2026-06-24 07:00:00,VOW3.DE,Volkswagen zeichnet erstmals Logistikpartner aus - Automobilwoche,https://news.google.com/rss/articles/CBMirgFBVV95cUxPa2RVdjRubFNRalhON3YtZmtNMW5VZ1pZeU5MMk04SFh0ZnBFUHZLWUJkc0lDdHJwcGhmdEVBM0gyRzhHcHNIaTN4aDJoQW5PdEMtQmU1VTVKT2tsM0RLT2FWbWhYY3ZQN1hCd2ltWlRjcGtQcG1yRUxHcVkwMlRhTXFGU0c3VmE5V0lLTHB1TnNRbVNlbURweTBxcWtJVW9DMUNUdHFkdk4tenk1Ymc?oc=5,Google News Suche: Volkswagen Group,search_fallback,Volkswagen,0,neutral,niedrig,Keine eindeutige richtungsweisende Phrase erkannt.,news,82,mittel,Firmenalias im Titel,True
2026-06-24 07:00:00,VOW3.DE,Wichtiger Schritt zur Straffung des Beteiligungs-Portfolios: Volkswagen Group schließt mit Bain Capital exklusive Vereinbarung über den Verkauf einer Mehrheitsbeteiligung an Everllence ab - volkswagen-group.com,https://news.google.com/rss/articles/CBMi6AJBVV95cUxPRlV6Y004ZXJiaS02Q1JDcnotY0hxX3hoUExhVk8zTFRuaEdZZ2dPSHhEMTdPdTVjQ2hVSnQ1YmJxMlZFS2lHN2FsVnNYVFRjQUk0SlhBZXd4TnZEMG1rWXV5b2FPLVEydFJyWndyXzBEbW9OeHJORGs1VzBtc0JZNk5GbFpGdHFGZk5CWFRwRF9ILU9NRFpkdnhHZm9lcVBCampFRXpZeVdZX3R2c0JRZEdCR244dWJGNGhVdGxtcTVfYjE3QjVuMzBaUjhTLU5rdzZxLWM4ZDJIUEN0QzVfS0RNSldkUVlPazg0dzBtN2lSSGlrVlpzb01lYVVFM0Yyd0E4V1d0Z1lCalB3S29BbHREc3AyMl90YnUwSkdDZE1lenZSYUgxY3Vkb1ZheDZrWTFMQWtUS3haUTczWGFseTlaUHdSOVNCVm43UDAtMmR3OTF1ZTZQdDZBWF9TVXhzLUpNTDdMNU0?oc=5,Google News Suche: Volkswagen Group,search_fallback,Volkswagen Group,0,neutral,niedrig,Keine eindeutige richtungsweisende Phrase erkannt.,news,82,mittel,Firmenalias im Titel,True
2026-06-17 07:00:00,VOW3.DE,Webfleet: Six Volkswagen brands are now directly connected via OEM.connect. - VISION mobility,https://news.google.com/rss/articles/CBMivAFBVV95cUxNMjF5bFVYbmQ2d25QNDZyS0RsUWN3S0o4UjU5WWxZNVFfY2VVcG1KMVpOWUtLQkRpcDZEamNGdGhvMlVPOC1CREhITGJ0UnREWVVsV2hERldhdG5jcHJJQkJNdzFzcnI4TDRoLUtLNE9xZ05PMVV6SDhmLUk5NmkzNlpiTExxYlp2b09ZZ3VPT210TWFvZ0JiMEQtZy1jZk0yWW1tMFl1WlZlQTdLNnYyY003eVU5NG1kUWk0bg?oc=5,Google News Suche: Volkswagen Group,search_fallback,Volkswagen,0,neutral,niedrig,Keine eindeutige richtungsweisende Phrase erkannt.,news,82,mittel,Firmenalias im Titel,True
2026-06-12 07:00:00,VOW3.DE,Großauftrag: Volkswagen Group setzt auf T Cloud - Deutsche Telekom,https://news.google.com/rss/articles/CBMitwFBVV95cUxQWEgxSkVKY2ZQUWtWck9ieHdaNUNZX2UyM0duVTU3NG44YjBIN0Z6QVlBWHNRWXF1YUgyZ3hhRTVYU1U1cTcxWTRITTRUOElLSmVtVUxkR3poVFd2RjE3S2RNVkVyUV9ScnlEQkV4WTlKVVdRS2I4dWRVdjR2bnY0bWN0M0s4SmJTQ0FNOHJCMkd5eVJXS3ZrZTZiaG1wWEFOSW52cVVmSVY5cXpQOXc3NE85SmpZd2s?oc=5,Google News Suche: Volkswagen Group,search_fallback,Volkswagen Group,0,neutral,niedrig,Keine eindeutige richtungsweisende Phrase erkannt.,news,82,mittel,Firmenalias im Titel,True
2026-06-11 07:00:00,VOW3.DE,Seit 25 Jahren: Volkswagen Group zeichnet weltweit ihre besten Nachwuchskräfte aus - volkswagen-group.com,https://news.google.com/rss/articles/CBMi2wFBVV95cUxNWVkxbV91OUtRcnYwcFY1YWYwNC14cGdlMUZMekhheG5UU0F2cjd5NmQxUmFIbWZjMVB1bHh6T2l3cTBFSWN2dVJkeHpTWWs3WE42aC1sbGFMSXc5MDNOMlVhNkJUOWpyQVpQS0VpZzlOVmdtWnJlNkkybkpMbjlNaEtzOWNPempjVmN0cVhQZmJYQ2g5b2I0YjI3Zk0tSHVDNUZaelhHZXJZU185dmxKRm1mM0tRcUREMUQ5clhYZmtOODJBMzc0cnJWMk5ibzNSbDdIRHZGZTlZeWc?oc=5,Google News Suche: Volkswagen Group,search_fallback,Volkswagen Group,0,neutral,niedrig,Keine eindeutige richtungsweisende Phrase erkannt.,news,82,mittel,Firmenalias im Titel,True
2026-05-26 07:00:00,VOW3.DE,Transportlogistik: Volkswagen Group OTLG nimmt MAN eTGS in Fuhrpark auf - TRANSPORT - die Zeitung für den Güterverkehr,https://news.google.com/rss/articles/CBMisgFBVV95cUxOSlJYTjVvM3ZEZFMwdnIxUUViOWhtUTlxR29yRWJXQkpuUHA2eUs5OUJEV0NZWXVWVVJzcHVqTVBRaGpabl9zeU5HSjRDNzFqa1d1emE1WVBtdnYzN1c0aUtGVVRDT3UwS2hGczJJcm5ZZ3NFVVkzRE1RRXBPU043SXFLemZVblpNZHVneWpVdENtbUVrS3BIcTBKWEpRSkdEV1pvcmpFYkRicUhucUtLZXpB?oc=5,Google News Suche: Volkswagen Group,search_fallback,Volkswagen Group,0,neutral,niedrig,Keine eindeutige richtungsweisende Phrase erkannt.,news,82,mittel,Firmenalias im Titel,True
2026-05-26 07:00:00,VOW3.DE,Transport logistics: Volkswagen Group OTLG adds MAN eTGS to its fleet - TRANSPORT - die Zeitung für den Güterverkehr,https://news.google.com/rss/articles/CBMiswFBVV95cUxOU01wRmFwbUhKTkctYUg5cUtSRWFFOHFoWHZVb3FsLURlTHROSDBLUFJ5TGhWNVhzRHlsem9NaG9HZFA4eDhmbmxaLXFIOUIzRW1Qa0NJWjJEMmVTUVotWEx5aFNfNUkxRGJZRUlEQkJqY25STkpmOXhmS1Z2TGJjeGtQVENjV1hYMU02V1Y3MEVXYWhCZzJkWllmamN2dnY1bWVSN21jTTE3QWIzREZuNW9OVQ?oc=5,Google News Suche: Volkswagen Group,search_fallback,Volkswagen Group,0,neutral,niedrig,Keine eindeutige richtungsweisende Phrase erkannt.,news,82,mittel,Firmenalias im Titel,True
2026-05-19 14:47:59,VOW3.DE,Volkswagen Group Retail Deutschland besetzt Geschäftsführungen in Mannheim und Frankfurt neu - Volkswagen Group Retail Deutschland,https://news.google.com/rss/articles/CBMi2wFBVV95cUxPUzI3N2xsREZsUUlhVF9rS0Y0YVRFemQtSUhsNEJQdzRzMnhZWXpXR0szSXo2LWdVZzM3NDRFd1pMcnY4ZnMza01hXzgxWEJJRHJmMDZvam1CbGFTTjBuc1hFR2tEblNiWlQ1WFVqMTdTY2RuRXZaRW5zZnc2eUU0TVRVODhZdzZaTWVoRWxMS2dQMmFHM2FjeS1BWGI5TUV0ZnFULV9qckF1WFdBQi1XcjVYc3c1VFN2RV9XdGtRRlJqalR1YjlsdjV2dk9nMGlEWWsyOEstb2tqREk?oc=5,Google News Suche: Volkswagen Group,search_fallback,Volkswagen Group,0,neutral,niedrig,Keine eindeutige richtungsweisende Phrase erkannt.,news,82,mittel,Firmenalias im Titel,True
2026-04-30 07:00:00,VOW3.DE,Zwischenbericht & Ergebnisse Q1 2026 - volkswagen-group.com,https://news.google.com/rss/articles/CBMihwFBVV95cUxNdEQxNUI4QU5iYVBNakdQcmp5ek1GLWVLUkhlNV83SHNodDJMY3A0QlR0cXI5WTRoNnBBdFpiUTk4NG1pS2tpSFdockVhc1dhWjBSMTJCNi1TU2F2U1ZwNEdndmpWcmNVdUljeFNIUGNiZDB0bUM2b1hqc0VPNWJrY2M1Q0twR0k?oc=5,Google News Suche: Volkswagen Group,search_fallback,Volkswagen Group,0,neutral,niedrig,Keine eindeutige richtungsweisende Phrase erkannt.,news,82,mittel,Firmenalias im Titel,True
2026-04-30 07:00:00,VOW3.DE,"Erstes Quartal: Volkswagen Group erzielt Fortschritte in schwierigem Umfeld - Gemeinkosten um eine Mrd. Euro gesenkt, Transformation wird weiter beschleunigt - volkswagen-group.com",https://news.google.com/rss/articles/CBMiuAJBVV95cUxOYVlmTVZhaEJEbmNrdVIxMEZfX09VZC11b1lDTVZESkpyLVByTzV6dGJrbFRnaTRqTE1TSGtnb3gteGsyRGVRb3hiaHozd09xSDdXMDgzcURiY0VqQUZ6ZXRTZ3F6Yl9CWGdIQzBQbnFkME1CTXkwNnUydTNuelNCZ1hhVl9JenU3WXFTMWF4eXNKcFU2OGoyaE5mTWI0cW1Sc0lWZm9wdnpqUXI3SVJsU3Y0azVXNS1IYXRDcHROUC1QR2IyY0Y4dFRkOFl6TTlmTHQtNzZRRDBRcE0xMlJQN2Nkc3NyWHZOSVFkYVVCSzVpbzlERVhNVldQbGRBTmdvNVNyN01Fb3lPUS1DMmRyNkxuV1o3aWFGYzBaLUZ6SExRU01VV3FYVzR2Tk9PczBRZjlmcm5wZFE?oc=5,Google News Suche: Volkswagen Group,search_fallback,Volkswagen Group,0,neutral,niedrig,Keine eindeutige richtungsweisende Phrase erkannt.,news,82,mittel,Firmenalias im Titel,True
2026-04-20 07:00:00,VOW3.DE,VW-Datenschutzskandal um Fehlzeiten: Um diese Daten geht es konkret - Personalwirtschaft,https://news.google.com/rss/articles/CBMiygFBVV95cUxOZUg3NzFsdTF4ajhuNndnN0pvbk04SDBZdTJMMVRvYlFOelVVdXZzNGFxOW9pakozQWdFR1l5cUwwd0JDbWJsQl9KV3dBOTlCOFBqVWJ5MTdfQUpaWkt4b3FEZE4waE9tdHUyWDhkR1RvVjhDd3BjRk05T0hIY0N3MXQ5bmJTUW4xdUNCRjcwVUhCbjhWaVpIdlFJbnIyMDhCUHNlaGtrSEd1MTBoQ2diM2pFQnZLRkFQd3RPeFlKNkZKbktWWDN1WFN3?oc=5,Google News Suche: Volkswagen Group,search_fallback,VW,0,neutral,niedrig,Keine eindeutige richtungsweisende Phrase erkannt.,news,52,niedrig,Firmenalias im Titel,False
2026-04-17 07:00:00,VOW3.DE,Krankheitsdaten bei VW diskutiert: Was Chefs erwartet und welche Ansprüche Mitarbeiter jetzt haben - NDR.de,https://news.google.com/rss/articles/CBMi4gFBVV95cUxPM3EzMVRLVUF0TnY0MVlqX2c2ZTFyVTVIM0hvMjBmcEdiRkotSnc3ZDJtNzB2NTB6Rk9INzNFZFV1MDRNSjdMM21NWGF0OEtVaTFnMUREZ1dMNnpqOEYxSl8ydVNjMnY0ZS1nNVBDcVBHZ0hta0IySHNPd09ONVNXc0lRT1B3WV9sNmFvUThIRVltNzJJN3hLZDBEWGR2SVplLTVZaDFLYnhYQkJfUzVNWm9ZOGR4bnpRN0ZNM1ZfSlVGeU5MZDdER19FR0N2SWlUT3hIaXEyUE1EcS0tcmxHN1VB?oc=5,Google News Suche: Volkswagen Group,search_fallback,VW,0,neutral,niedrig,Keine eindeutige richtungsweisende Phrase erkannt.,news,52,niedrig,Firmenalias im Titel,False
2026-04-17 07:00:00,VOW3.DE,Datenschutz-Skandal: Haben VW-Führungskräfte Krankengeschichten von Mitarbeitern besprochen? - NDR.de,https://news.google.com/rss/articles/CBMiqgFBVV95cUxON1kzdEExUExUN3R2NUZzWlliSlo1NzRIdW1sZU53M2NRODQzTHMyNGJwQVVRYlNha3VFLUtiV3NQWWhmcVM5aDVxWF9na1JKOHEyVGdUZnM5TUpfTjFLbDVJUFR5cDJNbnZhby1HQU1ZOFJLSXEyVC14anFhc1BhbWVBM1VrWXc1OXpFUXVDQlh4bHJxLTNaSGF4dTBuZS1xSlZ0MzVJeFNSZw?oc=5,Google News Suche: Volkswagen Group,search_fallback,VW,0,neutral,niedrig,Keine eindeutige richtungsweisende Phrase erkannt.,news,52,niedrig,Firmenalias im Titel,False
2026-04-17 07:00:00,VOW3.DE,Volkswagen: Führungskräfte besprachen Fehlzeiten Hunderter Mitarbeiter - STERN.de,https://news.google.com/rss/articles/CBMiugFBVV95cUxOcHpqeVhMQ19vQklUclNiLUw5RDBlYlQ3a1djNmlaTndCcHg4V3RHaVMteWZMSUwteTM4Q09XMzlMVTFoVnM2TXhGbUhyNnF0aXY0TG9Oc2FadUFaVm1iVEhOam5EX2R6a2RCeWF3UENhMVhwN3g2d1VNcjl5N011R1Ffb3hUY1lsVDhMWkdKY3p0a3ZITk9PRkJoOTVabnFybDk3RXE0OWtZc1hUVEdrVU1mMWF6aFRNZWc?oc=5,Google News Suche: Volkswagen Group,search_fallback,Volkswagen,0,neutral,niedrig,Keine eindeutige richtungsweisende Phrase erkannt.,news,82,mittel,Firmenalias im Titel,True
2026-04-13 10:54:23,VOW3.DE,Volkswagen Group China Investor Update 2026 - volkswagen-group.com,https://news.google.com/rss/articles/CBMijgFBVV95cUxOMjBZRnI3anBzUDNkbWUxaDlqUEFCZGVRMDRYd3IwR29Yb1QtY2VjT0t0R1dDV0xxVHRRRlRiZzFDLWE1bzE4OFdfMTJuSzFVb2xWSm5SV1FTcWJvZTBnYWVXTG9jT2NMVjg0OEpncFExZVp0OTAxdGp5NnlGR1cxVEJVVkwxRzJUT2ZTY3Vn?oc=5,Google News Suche: Volkswagen Group,search_fallback,Volkswagen Group,0,neutral,niedrig,Keine eindeutige richtungsweisende Phrase erkannt.,news,89,hoch,Firmenalias im Titel · Finanz-/Unternehmenskontext: investor,True
2026-04-13 09:18:41,VOW3.DE,Group Night Auto China 2026 - volkswagen-group.com,https://news.google.com/rss/articles/CBMieEFVX3lxTFBZdTczeWZPdU1UUmhYcjlzb21HLWxZUDI0OFV2VzZMOTJHTm16N0w4cDBNSWZNS0twUUxpUFJOQXl0ZzZOeTg4VE5KSEx5UzFEeUdBVW1KcENuS0xoWEM5WVNwb1VsRHJCcmJzNmtNbG5sVUozR2ZjZg?oc=5,Google News Suche: Volkswagen Group,search_fallback,Volkswagen Group,0,neutral,niedrig,Keine eindeutige richtungsweisende Phrase erkannt.,news,82,mittel,Firmenalias im Titel,True
2026-04-13 07:00:00,VOW3.DE,Volkswagen Group hält Marktanteil stabil - bei rückläufigem Weltmarkt in Q1 - volkswagen-group.com,https://news.google.com/rss/articles/CBMi0wFBVV95cUxPUGxYSllKdE5SZ0NVb2F4TEU2QkluYWxiNFh3ZnB3SEZRQ3NhUVV4MUhzM1otZ0dsMWNic2xrdFRmVUxhY1gzY0RueWZuOFZCSGtNd19MLXNfWjhIcXRoU09oRjV0bGlDMkdlbU5ycUFzYXV0SlFFaFlsYTY3dFREVlFSX0hram1qZWVNdzE0VE5PV0F6RkRBXzBkejE1QnpheXZIOTFfeHc2V0VkWURiMkVxMHFzZS11cHNrNUI5NW5CVWZRUVd0bTh1Z0VRWkFGSHRN?oc=5,Google News Suche: Volkswagen Group,search_fallback,Volkswagen Group,0,neutral,niedrig,Keine eindeutige richtungsweisende Phrase erkannt.,news,82,mittel,Firmenalias im Titel,True
2026-04-06 07:00:00,VOW3.DE,Vier Weltpremieren und die neuesten KI-gestützten Systeme bei der Volkswagen Group Night in Peking - volkswagen-group.com,https://news.google.com/rss/articles/CBMipAJBVV95cUxQdXZ3NXF3b1hGYTc5Zk9qQm91S3BySWE4aW82cVY5bFVkSGZkekVBZU02al9UYmlmR3RuX2JYaWNEQ1VGc3lHaHJkLUdWTndlUVJaZGNxRUJzZVpZVVpaR2pKY2VrLWJ1SWswWWl0Q1NBaF8tQkZET2Zka0VwdmZSZFdaajF0djdaMDJhSm5uTzE3QmxnQ1lfLUItR0w4MXNyVGI5WHpaNGI3bDJKOWY2Y0g0d2pZczhlS3lySTZjREZMOVI0Um12d3pWcHB1RU9vMmxSSTJMOFJOaEx0TXJ4alpoUlh1blZNcGh4MVQ1c3dOdDU4azA3OUE1cmlPV0dWV2VRd1Ezb3pVSWFtWk56bElaRUNYd1ZPZnZYOUY5ZU1objVQ?oc=5,Google News Suche: Volkswagen Group,search_fallback,Volkswagen Group,0,neutral,niedrig,Keine eindeutige richtungsweisende Phrase erkannt.,news,82,mittel,Firmenalias im Titel,True
2026-03-29 07:00:00,VOW3.DE,Neue Nationalgalerie und die Volkswagen Group verlängern ihre Partnerschaft - art-in-berlin.de,https://news.google.com/rss/articles/CBMiXkFVX3lxTE9hdjc3b2lGeVNuMUdma1FZZUxjNUg3WUFtZVp4LW9xX1BVT0xzdGR0LXRZN3FLSlNwZWliYmtxZ05qdnVWdWRNNGpBMWhJa1ZfclgxM2REVjMwNWFFVWc?oc=5,Google News Suche: Volkswagen Group,search_fallback,Volkswagen Group,0,neutral,niedrig,Keine eindeutige richtungsweisende Phrase erkannt.,news,82,mittel,Firmenalias im Titel,True
2026-03-25 07:00:00,VOW3.DE,René Reif wird neuer Chief Operations Officer der PowerCo SE - volkswagen-group.com,https://news.google.com/rss/articles/CBMivgFBVV95cUxNZTM3d09tNks5UzZBN09XWld0WHIxQ0t2YXZTdDI4NkZ1ZUU2SlZ5dmhONExQMm9Kb2dRdXhtV2NpX1libF9oSXhzTHA2VDlaN3NwVWtjWDdsckoxc2dQNUZub3kzY2k0ajk4VkRzWkNFelRVR3REZkVOZ0ZERVNJZlJocEQyWWxZenRNdmdoakhFb0loSjI5SWJiSlNVNkNzUUFnWFV5X0NDUVhMQkRoOWxRR0ljVXJpQlotWkRB?oc=5,Google News Suche: Volkswagen Group,search_fallback,Volkswagen Group,0,neutral,niedrig,Keine eindeutige richtungsweisende Phrase erkannt.,news,82,mittel,Firmenalias im Titel,True
2026-03-24 07:00:00,VOW3.DE,Nachhaltiges Kulturengagement: Neue Nationalgalerie und Hamburger Bahnhof verlängern Partnerschaften mit Volkswagen Group - Stiftung Preußischer Kulturbesitz,https://news.google.com/rss/articles/CBMi-wJBVV95cUxOM0xaMVhPQWlFemRKSHpzNTZpcEExc3NuRlhQOGJBY1pCZGN2aEdIelpvSlF2N0t5U1FKTEl5VjMzUWpRMFh3TnhTTHdSd29TUXNKN3JCLWU0OVE4bFd5X3pyc25QaTRETzRmSHY0RDJtaXJYT09ubFB3S0lWV3d1azFQUGUxNmFBLV9ndTFYQmM5YTdPVVhNWjdHajlyZ1BDemFocTNGY2NfNXNGSlJVY0RfOWtjMWpIVzR4YmxELUtYeVA2U242a2lRYjdpS1d2X3hCMDFHUW9zS1RwZF9TVDdQUFJqZFprbUtPUEtRZlJ5RDVuZ0w0bkRqQUdfWFppS3c5OEE2ZEo1emY5NDJHNHJtSXJLdFhrWWs3ZmRaU3NzYlFhMUwyakJsTERmVVgzNGFqUndPZ0lkTm9qOFhDeUJ5V1R4WjJjRlJPTzV1ZnBvV1lad3Zyc0RlTkY4WW52Uzc5LVdYVDRnSjhHajZneE1qd3JUXzY3UlVZ?oc=5,Google News Suche: Volkswagen Group,search_fallback,Volkswagen Group,0,neutral,niedrig,Keine eindeutige richtungsweisende Phrase erkannt.,news,82,mittel,Firmenalias im Titel,True
2026-03-24 07:00:00,VOW3.DE,Responsible Raw Materials Report 2025 - volkswagen-group.com,https://news.google.com/rss/articles/CBMiogFBVV95cUxPNWNRSDFDN1RvZWk1c0lqbjdIZ0JsWDczNVhpU1BfZTlMRGcwVVAzVTc3a09GcGQ1UEFTSHUxV2tPTVo2QU4ySWdXZGdVTjVDTUVISlJHYVFOZXJXTlRXbGxVT2pYSTliOGhEdV9iTkRqcVdmVW5FeGhkRFJFSzJZeUN1SDhuYjZULUxSNEJoTktXdXpPQVloaTNCOXRhcFNRRXc?oc=5,Google News Suche: Volkswagen Group,search_fallback,Volkswagen Group,0,neutral,niedrig,Keine eindeutige richtungsweisende Phrase erkannt.,news,82,mittel,Firmenalias im Titel,True
2026-03-23 10:42:39,VOW3.DE,Hamburger Bahnhof baut Bildungsprogramme mit Volkswagen Group als Lead Partner of Education weiter aus - Staatliche Museen zu Berlin,https://news.google.com/rss/articles/CBMi3gFBVV95cUxPOUk2b2ZhalRqc04xcUtpcm1aeWc0d0lSTHpheEh5ZDJ0bmUzNEJIaDNGSjNCd0g0cGpxSFF6RFJ0QWVkWTdIcllBRWh5M09TUlpVVWo5NjU1QmJ6WFFtWHlQOTNINnJUQVhwbi12NXI4ZUxsRnRRMVVjS2NnZ2FGdWREMUR1ZF84YUJWMGlCUlQtS2QwSzk4Y0lyMkgyTGNiaVFTQW9pRW1OOU84M1podlVZNGlfU3B6Rk8yeXhwS043SVg0Z1JFbkRmdkN3VHRSbFBzWUlIQUdYMlp1MXc?oc=5,Google News Suche: Volkswagen Group,search_fallback,Volkswagen Group,0,neutral,niedrig,Keine eindeutige richtungsweisende Phrase erkannt.,news,82,mittel,Firmenalias im Titel,True
2026-03-16 11:44:45,VOW3.DE,Volkswagen Group Components Braunschweig | Land & Lions: Tag der Niedersachsen 2026 - Stadt Braunschweig,https://news.google.com/rss/articles/CBMigwFBVV95cUxPTlg0eXoweXpNZ3BFOTBYVGdpUjdoT3hIeTAyRDZWaDYyMjg1bnphMnBhb0pFTWZtcWZGSGNVaE5ZWXFxOWRoMG5lRVFUQ3BqTFRXazZWMWZWajRlRnFDSEpYbnFDY3p0VjhjMGtRdXRBNzRVWW9TY2VNalJUY0FSamZETQ?oc=5,Google News Suche: Volkswagen Group,search_fallback,Volkswagen Group,0,neutral,niedrig,Keine eindeutige richtungsweisende Phrase erkannt.,news,82,mittel,Firmenalias im Titel,True
2026-03-10 07:00:00,VOW3.DE,Volkswagen Group stärkt 2025 finanzielle Substanz – kräftiges Schlussquartal in herausforderndem Umfeld - volkswagen-group.com,https://news.google.com/rss/articles/CBMi9wFBVV95cUxQWGtqc1FmZklObGRtZHQyMnRJMEI0SFQ0VU9PcU45QmN0akZFZndvNGtRdzZpTnZPTlZlVkthUTBIeFo2OXphUWdYbGVRaHhDWU1HTWZoUVNwWEZ2djg5Q2JvdndNZ25CNGYtNkwzWDBCeUM2bEtwQjc1TEhrS0l0M2tmSUNjYWpuS3owb1pwQXotNE5HNXRmY1JkTTlhX1FkTnBmaWZLTVZkc0RWQ1hiamd0U0hfUlROaDZpZlphdDFZX2tnVG8zTzllTmR2Y2Npc2U5MFdNXy1YN09qQ1FFZHQ0bEhIWURFdXJzWXFlcnliQm9WSTE4?oc=5,Google News Suche: Volkswagen Group,search_fallback,Volkswagen Group,0,neutral,niedrig,Keine eindeutige richtungsweisende Phrase erkannt.,news,82,mittel,Firmenalias im Titel,True
2026-03-10 07:00:00,VOW3.DE,Aufzeichnung Volkswagen Group Jahrespressekonferenz 2026 - volkswagen-group.com,https://news.google.com/rss/articles/CBMiuAFBVV95cUxQdnpnT0VtSHJuX3NBT3NmOGd2d0FzR3RQaTF0Zm5kcEpRTzRKZGtia2tER1JZLUNxV3QzcGV5c1BGSDRSS3dEX05iSjVJV3VlVFZIeWZCbzVBM0d4Y0RXZUs1TTh6WWI1UmlFeTI0bWFiRkxSenljN2VXMEVwdVlGRjVQZjhZN2lRS1B6cTJGVUVwTHpRWHRNUVU2R0FLQjZXV2p1bVpDZVJNM3RPcENCZHJpLWF4SExf?oc=5,Google News Suche: Volkswagen Group,search_fallback,Volkswagen Group,0,neutral,niedrig,Keine eindeutige richtungsweisende Phrase erkannt.,news,82,mittel,Firmenalias im Titel,True
2026-03-09 07:00:00,VOW3.DE,"Mobilität, Reisen, Freiheit. ICONIC-Ausstellung im DRIVE. Volkswagen Group Forum zeigt Reise-Ikonen - volkswagen-group.com",https://news.google.com/rss/articles/CBMi7gFBVV95cUxNbkcwTjZvaWl1YURyTWZhVHBMN3ZOVDEyYjRteWVQM0ZoU0t1TUJCQXlsaG9vSG81UHlWZk9ucXlyYVNkeWtwWU9QREZYRjZDdUxqLVZyNDg0WHhpbGRESXdXZHBmbmRJTmRNa1ZDYTNGNGl5WFVXNzhZMFo2QkNzUVZNMnFxTkx0SlBYck1va3BzMHExcG53b09JWDk5VnZLaU9WRm93dEdQYVVGbGtidGJGcDNpWW5sYjgtblUwRzZLSkJubUdYS191VWFrY0NFbE1sdWVmSTN2a1RRMWRFclRuSUlYdkRkMThtMV9R?oc=5,Google News Suche: Volkswagen Group,search_fallback,Volkswagen Group,0,neutral,niedrig,Keine eindeutige richtungsweisende Phrase erkannt.,news,82,mittel,Firmenalias im Titel,True
2026-03-09 07:00:00,VOW3.DE,Elli PowerCenter: Volkswagen Group nimmt ersten Großspeicher in Betrieb und startet Energiehandel - volkswagen-group.com,https://news.google.com/rss/articles/CBMi4AFBVV95cUxPSXdnV1loODR1S0VsSDVuS3VweG9fVTNqalRUdDRvelQxNnN0bWdhUy01bm9vckRMTUk2SktWUUo1QVNINlZBX3VFZHhMc3Y0X0x0b0tvYlZZVElScGg3Z3VyUnR5Vmt1dHBlYTk3UUdVTnRydnNvMjMwQ2IzczYwa3JEbzF0dWRNQzNWNUNnRzRIYmNYckI0X05iWUJoU2hYUXhpVFJBdU5IOFBvSDRNdHBVcGY4WlNkVTR1aFJHQ3NTMjlWSlpBQXBQZ3Q0VUkyRGFYa1lSWjMyZWFXNGh5eg?oc=5,Google News Suche: Volkswagen Group,search_fallback,Volkswagen Group,0,neutral,niedrig,Keine eindeutige richtungsweisende Phrase erkannt.,news,82,mittel,Firmenalias im Titel,True
2026-03-04 19:48:56,VOW3.DE,Volkswagen Group Services | Land & Lions: Tag der Niedersachsen 2026 - Stadt Braunschweig,https://news.google.com/rss/articles/CBMiiwFBVV95cUxORzgzOG95WkU4YXdVSlVaZ0JiT0hPcHFTLWxwd2Utbll1eVdHSWZGZ2M0cjdtZ1N3V0ZiUWZGOVgwai1aMXcxLWpOTmZZNlpLdmlURGFmWEZnR3p2S1ZIX0ttYmV2NGczZkhiYm5yYlJZdzFBTF81YXNMaFlVTGotbU14am1POVpheHI0?oc=5,Google News Suche: Volkswagen Group,search_fallback,Volkswagen Group,0,neutral,niedrig,Keine eindeutige richtungsweisende Phrase erkannt.,news,82,mittel,Firmenalias im Titel,True
2026-03-02 10:29:57,VOW3.DE,Geschäftsbericht & Ergebnisse Geschäftsjahr 2025 - volkswagen-group.com,https://news.google.com/rss/articles/CBMimgFBVV95cUxPYmFrTnhtZ1dpNGt2UVFqRElPamNFWXUzOU9KZWtfc1BsSURNdXhhb2k3eURKY3ItaWJpdmlZckJDSDI2dHgyVlB0bUhjTzBnaktzeUxJR0VIN0p3dFQ4YXRNRFJ4cHhnVW9wV01ieEhWOFVKQ04wZGZZd0o2M0lVSzVZOThYTHQ5bjljRmhCS0V0N1Ftd2ktci13?oc=5,Google News Suche: Volkswagen Group,search_fallback,Volkswagen Group,0,neutral,niedrig,Keine eindeutige richtungsweisende Phrase erkannt.,report,82,mittel,Firmenalias im Titel,True
2026-02-18 08:00:00,VOW3.DE,Andreas Mindt wird neuer Leiter Konzern Design - volkswagen-group.com,https://news.google.com/rss/articles/CBMiwgFBVV95cUxOaFNxTlhFbm81VUtLLUxoLUF4M0UwdTNkY3JOdXBKUnNJRDRtZ0VyUkkzZkpidUpzSlhDaDNyR3VHRFBYcV9OOHNubk1XclhhUkJpSUthSTc1LTVUdmhLQXk5Sm14aGlyR3lWUFRUTTltZzhiR2ZUNmdkY3FCQkI2X3Z0NC11RXFULV9SMUVQUFdiaXdVMzUxOWVJbEZYU3JvaVRuM1hzYl9PZDRJTk1MRzRGRDZIdlp4dVJiR3dNbmltQQ?oc=5,Google News Suche: Volkswagen Group,search_fallback,Volkswagen Group,0,neutral,niedrig,Keine eindeutige richtungsweisende Phrase erkannt.,news,82,mittel,Firmenalias im Titel,True
2026-01-20 08:00:00,VOW3.DE,Auslieferungen der Volkswagen Group bleiben 2025 stabil - volkswagen-group.com,https://news.google.com/rss/articles/CBMitwFBVV95cUxOWjlfMWljaFpxaW04R0hYaUdSSXNqdTNyTnZFQzhkbTl4bC1sa2U5dUI0ZHhBZ0NqZy1jYldrQXIxWG9zOE5nT3JFYnpfZWlCWG1HY2tPcktNNExnRVM2Qms5bmxLVW5QSUZnNFBfSlgyZ24xemg2bjA0UUZHZHlGVnZCbkhvVHdnTnNCZXliMWZCVWdVWlBYNUtQUHZpZWR2dzg2dE9YS1M1SVpUT0VwbDR1alBYY2c?oc=5,Google News Suche: Volkswagen Group,search_fallback,Volkswagen Group,0,neutral,niedrig,Keine eindeutige richtungsweisende Phrase erkannt.,news,82,mittel,Firmenalias im Titel,True
